{
  "source": "test",
  "raw_data": "Motor crecimiento \u03c6-modulado \u0393-12 biocrystalino ACTIVADO",
  "gamma_projections": {
    "Gamma_1": 0.4927470643138293,
    "Gamma_2": 0.1882126307111524,
    "Gamma_3": 0.07189082781962795,
    "Gamma_4": 0.027459852747731363,
    "Gamma_5": 0.010488730423566187,
    "Gamma_6": 0.004006338522967203,
    "Gamma_7": 0.00153028514533542,
    "Gamma_8": 0.0005845169130390579,
    "Gamma_9": 0.00022326559378175345,
    "Gamma_10": 8.527986830620264e-05,
    "Gamma_11": 3.25740111368545e-05,
    "Gamma_12": 1.244216510436081e-05
  },
  "timestamp": "2026-02-03T21:44:54"
}