{
  "source": "test",
  "raw_data": "Motor crecimiento \u03c6-modulado \u0393-12 biocrystalino ACTIVADO",
  "gamma_projections": {
    "Gamma_1": 2.1830360758214358,
    "Gamma_2": 0.8338455822965961,
    "Gamma_3": 0.3185006710683521,
    "Gamma_4": 0.12165643090846018,
    "Gamma_5": 0.04646862165702855,
    "Gamma_6": 0.017749434062625444,
    "Gamma_7": 0.0067796805308477925,
    "Gamma_8": 0.0025896075299179254,
    "Gamma_9": 0.0009891420589059877,
    "Gamma_10": 0.00037781864680003663,
    "Gamma_11": 0.00014431388149412227,
    "Gamma_12": 5.512299768233022e-05
  },
  "timestamp": "2026-02-03T21:43:12"
}